Country; Year,"Commitments to recipient countries (Million, constant 2009 US$)","Disbursements to recipient countries (Million, constant 2009 US$)"
Afghanistan; 2010,386.92,300.09
Afghanistan; 2009,254.04,345.59
Afghanistan; 2008,459.8,254.46
Afghanistan; 2007,217.22,254.4
Afghanistan; 2006,334.53,186.74
Afghanistan; 2005,175.89,160.79
Afghanistan; 2004,146.96,99.62
Afghanistan; 2003,178.73,53.32
Afghanistan; 2002,32.98,31.39
Afghanistan; 2001,32.53,10.7
Afghanistan; 2000,7.91,6
Albania; 2010,8.79,15.17
Albania; 2009,33.05,15.51
Albania; 2008,17.88,22.78
Albania; 2007,15.34,15.87
Albania; 2006,58.29,30.95
Albania; 2005,29.15,26.33
Albania; 2004,18.31,22.91
Albania; 2003,17.48,22.78
Albania; 2002,21.1,24.27
Albania; 2001,14.6,15.79
Albania; 2000,27.56,12.69
Algeria; 2010,2.85,4.21
Algeria; 2009,2.58,2.7
Algeria; 2008,23.58,5.05
Algeria; 2007,6.61,4.41
Algeria; 2006,2.07,4.1
Algeria; 2005,1.43,3.44
Algeria; 2004,9.19,3.78
Algeria; 2003,2.53,2.25
Algeria; 2002,3.9,3.43
Algeria; 2001,4.89,3.51
Algeria; 2000,2.42,1.03
Angola; 2010,152.18,85.08
Angola; 2009,53.09,77.34
Angola; 2008,164.62,106.34
Angola; 2007,68.13,81.69
Angola; 2006,39.67,65.26
Angola; 2005,119.71,104.89
Angola; 2004,46.25,54.17
Angola; 2003,72.44,52.84
Angola; 2002,48.07,42.82
Angola; 2001,83.25,36.78
Angola; 2000,70.6,20.78
Argentina; 2010,4.56,23.67
Argentina; 2009,3.99,26.06
Argentina; 2008,53.82,44.18
Argentina; 2007,48.32,25.99
Argentina; 2006,4.75,34.06
Argentina; 2005,45.27,19.55
Argentina; 2004,4.21,10.51
Argentina; 2003,20.79,11.25
Argentina; 2002,48.83,3.51
Argentina; 2001,1.66,1.93
Argentina; 2000,1.93,1.38
Armenia; 2010,14.45,24.79
Armenia; 2009,25.25,27.45
Armenia; 2008,13.04,19.58
Armenia; 2007,39.64,25.54
Armenia; 2006,20.21,26.13
Armenia; 2005,22.95,17.55
Armenia; 2004,33.85,8.98
Armenia; 2003,13.92,5.98
Armenia; 2002,5.72,15.02
Armenia; 2001,12.85,8.81
Armenia; 2000,12.5,7.92
Azerbaijan; 2010,22.37,23.58
Azerbaijan; 2009,6.54,20.28
Azerbaijan; 2008,20.1,14.13
Azerbaijan; 2007,13.03,13.68
Azerbaijan; 2006,56.05,14.64
Azerbaijan; 2005,14.23,12.26
Azerbaijan; 2004,8.02,4.03
Azerbaijan; 2003,8.88,4.55
Azerbaijan; 2002,7.32,7.49
Azerbaijan; 2001,11.52,1.89
Azerbaijan; 2000,14.41,2.57
Bangladesh; 2010,160.16,285.39
Bangladesh; 2009,177.13,270.23
Bangladesh; 2008,202.32,241.8
Bangladesh; 2007,154.49,158.8
Bangladesh; 2006,426.17,288.24
Bangladesh; 2005,556.61,191.64
Bangladesh; 2004,116.18,146.58
Bangladesh; 2003,145.82,168.65
Bangladesh; 2002,101.8,175.02
Bangladesh; 2001,105.82,172.73
Bangladesh; 2000,289.25,148.63
Belarus; 2010,17.55,16.29
Belarus; 2009,3.59,4.28
Belarus; 2008,4.46,14.41
Belarus; 2007,7.38,8.48
Belarus; 2006,13.77,5.52
Belarus; 2005,2.69,5.49
Benin; 2010,166.54,106.9
Benin; 2009,94.81,95.26
Benin; 2008,59.69,71.27
Benin; 2007,99.88,51.2
Benin; 2006,83.05,51.04
Benin; 2005,80.95,55.06
Benin; 2004,40.15,52.62
Benin; 2003,42.02,39.76
Benin; 2002,57.61,34.79
Benin; 2001,22.32,25.49
Benin; 2000,31.89,15.45
Bhutan; 2010,3.77,4
Bhutan; 2009,2.17,4.11
Bhutan; 2008,3.54,5.07
Bhutan; 2007,6.75,6.7
Bhutan; 2006,4.49,9.66
Bhutan; 2005,5.63,11.57
Bhutan; 2004,7.89,6.12
Bhutan; 2003,18.44,6.96
Bhutan; 2002,8.56,1.51
Bhutan; 2001,2.33,3.45
Bhutan; 2000,19.54,5.05
Bolivia (Plurinational State of); 2010,73,62.19
Bolivia (Plurinational State of); 2009,53.34,53.47
Bolivia (Plurinational State of); 2008,77.21,62.2
Bolivia (Plurinational State of); 2007,53.87,67.03
Bolivia (Plurinational State of); 2006,66.02,76.43
Bolivia (Plurinational State of); 2005,63.06,58.04
Bolivia (Plurinational State of); 2004,58.32,81.93
Bolivia (Plurinational State of); 2003,84.46,94.57
Bolivia (Plurinational State of); 2002,66.83,55.52
Bolivia (Plurinational State of); 2001,121.55,43.93
Bolivia (Plurinational State of); 2000,93.41,42.01
Bosnia and Herzegovina; 2010,60.4,40.02
Bosnia and Herzegovina; 2009,4.2,23.74
Bosnia and Herzegovina; 2008,70.17,19.76
Bosnia and Herzegovina; 2007,18.26,22.04
Bosnia and Herzegovina; 2006,10.27,25
Bosnia and Herzegovina; 2005,28.47,11.62
Bosnia and Herzegovina; 2004,28.2,9.22
Bosnia and Herzegovina; 2003,9.76,17.71
Bosnia and Herzegovina; 2002,12.97,16.99
Bosnia and Herzegovina; 2001,14.28,13.98
Bosnia and Herzegovina; 2000,15.18,9.51
Botswana; 2010,69.74,79.15
Botswana; 2009,103,215.82
Botswana; 2008,215.3,238.6
Botswana; 2007,233.72,49.39
Botswana; 2006,49.07,32.63
Botswana; 2005,38.76,22.37
Botswana; 2004,34.2,36.91
Botswana; 2003,43.22,18.18
Botswana; 2002,15.3,12.76
Botswana; 2001,3.74,4.49
Botswana; 2000,0.51,0.59
Brazil; 2010,21.81,34.66
Brazil; 2009,52.91,25.64
Brazil; 2008,18.76,23.25
Brazil; 2007,17.71,20.89
Brazil; 2006,32.98,24.68
Brazil; 2005,18.89,26.87
Brazil; 2004,23.82,24.73
Brazil; 2003,50.7,29.76
Brazil; 2002,24.21,23.87
Brazil; 2001,20.12,14.67
Brazil; 2000,6.93,2.06
Burkina Faso; 2010,113.57,159.51
Burkina Faso; 2009,153.32,129.55
Burkina Faso; 2008,77,107.03
Burkina Faso; 2007,97.16,79.24
Burkina Faso; 2006,123.38,89.38
Burkina Faso; 2005,119.77,82
Burkina Faso; 2004,107.09,76.55
Burkina Faso; 2003,72.11,66.09
Burkina Faso; 2002,63.94,43.73
Burkina Faso; 2001,80.75,46.94
Burkina Faso; 2000,22.14,25.18
Burundi; 2010,90.1,93.4
Burundi; 2009,115.64,73.71
Burundi; 2008,96.38,64.94
Burundi; 2007,58.72,45.14
Burundi; 2006,57.67,41.46
Burundi; 2005,17.14,37.06
Burundi; 2004,13.93,29.29
Burundi; 2003,44.02,22.04
Burundi; 2002,29.97,12.83
Burundi; 2001,22.42,13.07
Burundi; 2000,16.33,16.63
Cote d'Ivoire; 2010,159.04,173.45
Cote d'Ivoire; 2009,260.42,111.15
Cote d'Ivoire; 2008,134.54,132.59
Cote d'Ivoire; 2007,149.56,73.49
Cote d'Ivoire; 2006,78.13,68.95
Cote d'Ivoire; 2005,36.19,45.46
Cote d'Ivoire; 2004,35.54,46.99
Cote d'Ivoire; 2003,59.6,40.46
Cote d'Ivoire; 2002,53.24,48.48
Cote d'Ivoire; 2001,27.89,20.57
Cote d'Ivoire; 2000,9.75,15.31
Cambodia; 2010,149.01,198.69
Cambodia; 2009,213.4,157.99
Cambodia; 2008,200.22,131.2
Cambodia; 2007,131.15,121.05
Cambodia; 2006,121.27,108.7
Cambodia; 2005,104.07,111.11
Cambodia; 2004,79.73,75.02
Cambodia; 2003,183.57,74.28
Cambodia; 2002,104.32,46.45
Cambodia; 2001,53.99,36.78
Cambodia; 2000,33.89,27.27
Cameroon; 2010,143.68,58.12
Cameroon; 2009,102.63,81.75
Cameroon; 2008,54.34,56.83
Cameroon; 2007,89.5,67.05
Cameroon; 2006,57.52,63.64
Cameroon; 2005,17.93,53.43
Cameroon; 2004,83.29,52.36
Cameroon; 2003,24.77,34.85
Cameroon; 2002,24.6,20.63
Cameroon; 2001,52.19,27.39
Cameroon; 2000,56.92,11.68
Central African Republic; 2010,25.1,29.5
Central African Republic; 2009,8.82,16.34
Central African Republic; 2008,31.61,33.65
Central African Republic; 2007,32.39,12.23
Central African Republic; 2006,14.14,21.62
Central African Republic; 2005,37.77,19.52
Central African Republic; 2004,16.11,22.69
Central African Republic; 2003,21.16,11.44
Central African Republic; 2002,7.78,14.69
Central African Republic; 2001,27.18,10.96
Central African Republic; 2000,3.9,6.45
Chad; 2010,98.26,65.01
Chad; 2009,34.61,30.9
Chad; 2008,42.96,35.71
Chad; 2007,13.88,26.25
Chad; 2006,19.65,31.4
Chad; 2005,21.13,46.27
Chad; 2004,23.89,41.45
Chad; 2003,23.36,39.58
Chad; 2002,21.17,37.8
Chad; 2001,45.46,24.42
Chad; 2000,69.62,19.81
Chile; 2010,3.3,3.57
Chile; 2009,2.3,2.36
Chile; 2008,2.03,3.71
Chile; 2007,2.43,6.9
Chile; 2006,2.75,5.51
Chile; 2005,32.52,15.18
Chile; 2004,4.61,13.62
Chile; 2003,21.81,8.54
Chile; 2002,1.87,1.87
Chile; 2001,1.3,4.63
Chile; 2000,0.72,3.45
China; 2010,259.88,226.39
China; 2009,574.78,277.66
China; 2008,167.29,232.61
China; 2007,263.98,324.11
China; 2006,250.81,258.36
China; 2005,174.86,162.75
China; 2004,472.79,199.22
China; 2003,161.65,140.62
China; 2002,205.19,123.37
China; 2001,93.03,140.48
China; 2000,80.9,173.58
Colombia; 2010,29.72,28.56
Colombia; 2009,8.18,7.11
Colombia; 2008,8.15,10.61
Colombia; 2007,9.79,7.43
Colombia; 2006,10.07,9.69
Colombia; 2005,3.65,6.48
Colombia; 2004,8.44,4.87
Colombia; 2003,2.06,5.34
Colombia; 2002,4.97,4.97
Colombia; 2001,4.19,8.15
Colombia; 2000,11.25,1.24
Comoros; 2010,14.21,11.59
Comoros; 2009,3.28,4.39
Comoros; 2008,1.23,2.09
Comoros; 2007,16.69,2.48
Comoros; 2006,1.59,2.27
Comoros; 2005,0.87,3.14
Comoros; 2004,6.64,4.74
Comoros; 2003,3.36,7.2
Comoros; 2002,3.08,6.45
Comoros; 2001,2.58,3.27
Comoros; 2000,1.74,2.56
Congo; 2010,48.04,41.63
Congo; 2009,42.91,14.59
Congo; 2008,49.73,21.81
Congo; 2007,12.35,15.89
Congo; 2006,16.63,13.54
Congo; 2005,3.83,13.91
Congo; 2004,36.12,15.22
Congo; 2003,18.98,12.14
Congo; 2002,11.41,5.9
Congo; 2001,2.43,2.24
Congo; 2000,2.57,1.7
Costa Rica; 2010,3.21,3.39
Costa Rica; 2009,2.23,3.11
Costa Rica; 2008,3.25,5.6
Costa Rica; 2007,1.16,4.19
Costa Rica; 2006,4.9,4.85
Costa Rica; 2005,2.54,2.5
Costa Rica; 2004,1.92,3.47
Costa Rica; 2003,4.9,3.31
Costa Rica; 2002,19.96,1.82
Costa Rica; 2001,1.12,5.35
Costa Rica; 2000,4.46,21.27
Croatia; 2010,9.99,0.36
Croatia; 2009,4.38,0.2
Croatia; 2008,0.1,0.56
Croatia; 2007,5.91,0.74
Croatia; 2006,2.15,2.15
Croatia; 2005,1.19,3.45
Croatia; 2004,0.15,0.95
Croatia; 2003,6.25,2.12
Croatia; 2002,0.68,0.6
Croatia; 2001,1.83,0.36
Croatia; 2000,0.95,0.09
Cuba; 2010,18.13,17.98
Cuba; 2009,4.72,4.91
Cuba; 2008,10.96,10.02
Cuba; 2007,17.88,15.5
Cuba; 2006,4.95,9.78
Cuba; 2005,21.19,9
Cuba; 2004,6.75,14.76
Cuba; 2003,25.49,15.45
Cuba; 2002,9.23,7.83
Cuba; 2001,10.77,6.91
Cuba; 2000,6.97,5.17
Democratic People's Republic of Korea; 2010,36.62,30.98
Democratic People's Republic of Korea; 2009,12.4,17.63
Democratic People's Republic of Korea; 2008,5.27,5.43
Democratic People's Republic of Korea; 2007,6.61,6.1
Democratic People's Republic of Korea; 2006,2.37,2.34
Democratic People's Republic of Korea; 2005,6.58,6.4
Democratic People's Republic of Korea; 2004,4.54,4.46
Democratic People's Republic of Korea; 2003,5.86,3.23
Democratic People's Republic of Korea; 2002,6.76,6.76
Democratic People's Republic of Korea; 2001,3.4,2.1
Democratic People's Republic of Korea; 2000,1.83,2.1
Democratic Republic of the Congo; 2010,470.85,430.99
Democratic Republic of the Congo; 2009,394.64,343.12
Democratic Republic of the Congo; 2008,506.66,352.95
Democratic Republic of the Congo; 2007,163.64,177.83
Democratic Republic of the Congo; 2006,154.76,164.77
Democratic Republic of the Congo; 2005,396.55,164.74
Democratic Republic of the Congo; 2004,218.81,99.85
Democratic Republic of the Congo; 2003,84.69,84.92
Democratic Republic of the Congo; 2002,165.07,73.51
Democratic Republic of the Congo; 2001,74.02,46.61
Democratic Republic of the Congo; 2000,39.06,34.23
Djibouti; 2010,28.9,10.33
Djibouti; 2009,16.48,15.47
Djibouti; 2008,6.46,15.84
Djibouti; 2007,15.14,18.37
Djibouti; 2006,10.22,14.53
Djibouti; 2005,9.92,13.57
Djibouti; 2004,2.88,7.71
Djibouti; 2003,6.3,2.71
Djibouti; 2002,24.36,3.97
Djibouti; 2001,2.66,2.07
Djibouti; 2000,5.82,5.41
Dominican Republic; 2010,46.73,45.47
Dominican Republic; 2009,115.46,36.11
Dominican Republic; 2008,26.03,39.78
Dominican Republic; 2007,55.73,28.72
Dominican Republic; 2006,19.47,26.56
Dominican Republic; 2005,21.12,35.77
Dominican Republic; 2004,41.44,22.97
Dominican Republic; 2003,25.12,24.85
Dominican Republic; 2002,15.83,15.25
Dominican Republic; 2001,16.62,4.89
Dominican Republic; 2000,11.72,9.6
Ecuador; 2010,25.24,20.66
Ecuador; 2009,15.2,20.72
Ecuador; 2008,24.02,31.16
Ecuador; 2007,21.01,34.42
Ecuador; 2006,18.82,27.29
Ecuador; 2005,20.3,23.81
Ecuador; 2004,60.43,13.82
Ecuador; 2003,15.3,11.98
Ecuador; 2002,8.74,9.77
Ecuador; 2001,14.37,13.96
Ecuador; 2000,18.99,5.53
Egypt; 2010,31.45,67.98
Egypt; 2009,194.52,53.82
Egypt; 2008,53.9,141.24
Egypt; 2007,93.47,100.31
Egypt; 2006,175.71,150.35
Egypt; 2005,30.95,100.06
Egypt; 2004,69.8,83.52
Egypt; 2003,63.92,53.75
Egypt; 2002,60.74,66.53
Egypt; 2001,76.25,13.05
Egypt; 2000,92.03,3.9
El Salvador; 2010,28.34,31.79
El Salvador; 2009,19.41,22.11
El Salvador; 2008,33.82,28.75
El Salvador; 2007,17.85,28.1
El Salvador; 2006,35.45,28.31
El Salvador; 2005,28.9,29.67
El Salvador; 2004,19.42,24.92
El Salvador; 2003,38.11,17.59
El Salvador; 2002,31.28,13.28
El Salvador; 2001,23.32,17.8
El Salvador; 2000,22.01,6.22
Equatorial Guinea; 2010,5.39,15.91
Equatorial Guinea; 2009,15.48,13.78
Equatorial Guinea; 2008,5.1,17.27
Equatorial Guinea; 2007,13.41,10.34
Equatorial Guinea; 2006,22.81,14.27
Equatorial Guinea; 2005,12.71,11.38
Equatorial Guinea; 2004,5.77,6.25
Equatorial Guinea; 2003,5.15,5.24
Equatorial Guinea; 2002,4.25,4.78
Equatorial Guinea; 2001,6.87,7.59
Equatorial Guinea; 2000,7.33,7.54
Eritrea; 2010,45.9,56.26
Eritrea; 2009,38.79,24.27
Eritrea; 2008,16.99,31.68
Eritrea; 2007,24.33,27.04
Eritrea; 2006,34.96,20.47
Eritrea; 2005,24.51,39.18
Eritrea; 2004,21.06,40.31
Eritrea; 2003,20.1,41.15
Eritrea; 2002,19.79,29.66
Eritrea; 2001,10.55,14.36
Eritrea; 2000,102.07,7.53
Ethiopia; 2010,765.29,715.06
Ethiopia; 2009,787.44,549.04
Ethiopia; 2008,584.63,500.6
Ethiopia; 2007,920.7,556.35
Ethiopia; 2006,499.94,399.33
Ethiopia; 2005,217.85,253.1
Ethiopia; 2004,174.79,206.94
Ethiopia; 2003,249.61,212.24
Ethiopia; 2002,145.56,117.39
Ethiopia; 2001,67.33,93.57
Ethiopia; 2000,133.06,33.24
Fiji; 2010,11.65,9.31
Fiji; 2009,2.79,6.5
Fiji; 2008,4.19,7.95
Fiji; 2007,9.3,10.45
Fiji; 2006,5.69,9.7
Fiji; 2005,9.27,9.27
Fiji; 2004,3.67,11.41
Fiji; 2003,28.39,15.37
Fiji; 2002,12.91,8.33
Fiji; 2001,2.65,6.97
Fiji; 2000,2.31,8.22
Gabon; 2010,3.78,7.07
Gabon; 2009,22.92,11.98
Gabon; 2008,3.08,7.56
Gabon; 2007,21,8.72
Gabon; 2006,13.15,12.22
Gabon; 2005,1.6,7.89
Gabon; 2004,15.8,7.28
Gabon; 2003,3.91,4.71
Gabon; 2002,9.3,4.56
Gabon; 2001,5.47,7.94
Gabon; 2000,3.52,6.62
Gambia; 2010,23.76,25.2
Gambia; 2009,30.17,17.73
Gambia; 2008,5.81,13.3
Gambia; 2007,12.28,15.35
Gambia; 2006,26.9,14.67
Gambia; 2005,3.29,20.99
Gambia; 2004,15.79,17.08
Gambia; 2003,1.97,10.82
Gambia; 2002,1.65,9.77
Gambia; 2001,18.28,7.92
Gambia; 2000,1.46,3.57
Georgia; 2010,54.39,36.53
Georgia; 2009,30.33,40.61
Georgia; 2008,13.74,29.77
Georgia; 2007,34.32,42.42
Georgia; 2006,37.7,38.44
Georgia; 2005,19.61,31.45
Georgia; 2004,18.53,12.24
Georgia; 2003,28.15,11.61
Georgia; 2002,43.61,22.82
Georgia; 2001,19.34,16.59
Georgia; 2000,10,9.52
Ghana; 2010,156.63,239.17
Ghana; 2009,290.52,233
Ghana; 2008,355.91,199.97
Ghana; 2007,296.56,174.94
Ghana; 2006,161.49,164.71
Ghana; 2005,134.93,198.42
Ghana; 2004,111.07,187.7
Ghana; 2003,253.53,131.25
Ghana; 2002,159.08,82.25
Ghana; 2001,130.06,65.1
Ghana; 2000,66.94,28.21
Guatemala; 2010,48.71,42.09
Guatemala; 2009,30.81,51.31
Guatemala; 2008,36.29,66.18
Guatemala; 2007,71.14,47.14
Guatemala; 2006,38.3,37.8
Guatemala; 2005,56.38,29.24
Guatemala; 2004,28.78,30.11
Guatemala; 2003,47.49,56.18
Guatemala; 2002,73.82,53.64
Guatemala; 2001,19.98,26.73
Guatemala; 2000,28.57,8.06
Guinea; 2010,24.51,45.8
Guinea; 2009,28.38,31.89
Guinea; 2008,28.9,32.59
Guinea; 2007,37.63,27.83
Guinea; 2006,25.2,35.76
Guinea; 2005,44.33,34.06
Guinea; 2004,26.6,30.9
Guinea; 2003,47.83,26.53
Guinea; 2002,31.99,27.16
Guinea; 2001,34.66,33.3
Guinea; 2000,39.53,17.21
Guinea-Bissau; 2010,28.35,26.97
Guinea-Bissau; 2009,12.62,18.44
Guinea-Bissau; 2008,22.8,13.51
Guinea-Bissau; 2007,20.41,20.36
Guinea-Bissau; 2006,7.41,14.88
Guinea-Bissau; 2005,5.75,12.8
Guinea-Bissau; 2004,18.1,10.85
Guinea-Bissau; 2003,4.94,9.12
Guinea-Bissau; 2002,6.15,9.67
Guinea-Bissau; 2001,11.15,11.35
Guinea-Bissau; 2000,6.93,4.06
Guyana; 2010,30.39,27.56
Guyana; 2009,23.57,35.69
Guyana; 2008,24.73,30.56
Guyana; 2007,34.68,22.62
Guyana; 2006,16.85,24.43
Guyana; 2005,43.76,17.17
Guyana; 2004,32.43,21.36
Guyana; 2003,26.63,11.76
Guyana; 2002,14.26,2.91
Guyana; 2001,6.85,0.73
Guyana; 2000,0.66,0.42
Haiti; 2010,192.75,176.3
Haiti; 2009,268.55,157.41
Haiti; 2008,157.38,150.94
Haiti; 2007,105.72,142.31
Haiti; 2006,167.19,123.9
Haiti; 2005,162.88,74.13
Haiti; 2004,71.22,65.06
Haiti; 2003,46.32,53.66
Haiti; 2002,39.5,27.61
Haiti; 2001,32.47,15.37
Haiti; 2000,34.52,12.61
Honduras; 2010,69.69,53.5
Honduras; 2009,28.3,56.6
Honduras; 2008,71.87,62.17
Honduras; 2007,60.7,43.77
Honduras; 2006,40.1,36.37
Honduras; 2005,58.05,61.2
Honduras; 2004,24.56,54.89
Honduras; 2003,53.45,36.96
Honduras; 2002,88.8,23.89
Honduras; 2001,25.04,18.75
Honduras; 2000,28.8,33.26
India; 2010,530.26,774.86
India; 2009,457.96,771.41
India; 2008,775.91,643.28
India; 2007,1761.48,681.38
India; 2006,1497.38,506.2
India; 2005,666.34,687.16
India; 2004,592.13,654.77
India; 2003,355.05,486.28
India; 2002,413.59,799.31
India; 2001,233.34,632.38
India; 2000,714.76,480.31
Indonesia; 2010,135.41,224.24
Indonesia; 2009,242.33,215.82
Indonesia; 2008,351.42,240.06
Indonesia; 2007,210.61,197.25
Indonesia; 2006,205.13,240.9
Indonesia; 2005,371.75,175.76
Indonesia; 2004,112.87,149.96
Indonesia; 2003,226.04,139.78
Indonesia; 2002,139.06,84.22
Indonesia; 2001,246.24,139.86
Indonesia; 2000,247.26,111.56
Iran (Islamic Republic of); 2010,12.48,11.44
Iran (Islamic Republic of); 2009,2.28,2.31
Iran (Islamic Republic of); 2008,29.93,10.6
Iran (Islamic Republic of); 2007,3.04,5.33
Iran (Islamic Republic of); 2006,3.23,5.56
Iran (Islamic Republic of); 2005,8.87,4.53
Iran (Islamic Republic of); 2004,3.53,3.53
Iran (Islamic Republic of); 2003,3.6,3.6
Iran (Islamic Republic of); 2002,10.82,10.82
Iran (Islamic Republic of); 2001,11.23,11.23
Iran (Islamic Republic of); 2000,1.04,1.04
Iraq; 2010,42.4,77.87
Iraq; 2009,26.59,73.21
Iraq; 2008,124.01,77.96
Iraq; 2007,127.83,233.22
Iraq; 2006,238.84,354.84
Iraq; 2005,253.76,451.03
Iraq; 2004,458.46,69.79
Iraq; 2003,72.27,26.25
Iraq; 2002,2.16,2.31
Iraq; 2001,6.97,2.11
Iraq; 2000,3.15,2.83
Jamaica; 2010,19.5,14.72
Jamaica; 2009,3.44,12.03
Jamaica; 2008,18.52,13.66
Jamaica; 2007,5.43,11.55
Jamaica; 2006,24.18,11.6
Jamaica; 2005,4.91,9.16
Jamaica; 2004,16.08,7.91
Jamaica; 2003,6.14,6.6
Jamaica; 2002,5.18,4.29
Jamaica; 2001,27.98,1.88
Jamaica; 2000,7.42,3.08
Jordan; 2010,71.94,74.74
Jordan; 2009,57.97,59.99
Jordan; 2008,68.7,43.12
Jordan; 2007,46.71,31.17
Jordan; 2006,27.6,31.46
Jordan; 2005,17.62,28.71
Jordan; 2004,14.02,30.21
Jordan; 2003,44.31,33.96
Jordan; 2002,49.25,35.1
Jordan; 2001,24.07,9.31
Jordan; 2000,37.69,3.49
Kazakhstan; 2010,17.04,35.24
Kazakhstan; 2009,61.29,40.72
Kazakhstan; 2008,22.22,20.91
Kazakhstan; 2007,18.4,10.7
Kazakhstan; 2006,5.8,16.88
Kazakhstan; 2005,28.55,12.54
Kazakhstan; 2004,10.87,14.5
Kazakhstan; 2003,23.29,18.73
Kazakhstan; 2002,16.37,11.57
Kazakhstan; 2001,16.61,9.25
Kazakhstan; 2000,7.44,10.17
Kenya; 2010,801.15,660.08
Kenya; 2009,688.57,540
Kenya; 2008,725.47,452.34
Kenya; 2007,554.33,345.44
Kenya; 2006,446.05,314.99
Kenya; 2005,327.18,204.29
Kenya; 2004,186.56,198.63
Kenya; 2003,198.4,152.77
Kenya; 2002,106.35,107.57
Kenya; 2001,163.04,73.43
Kenya; 2000,269.33,37.55
Kyrgyzstan; 2010,21.13,38.13
Kyrgyzstan; 2009,16.38,32.8
Kyrgyzstan; 2008,34.64,42.89
Kyrgyzstan; 2007,24.66,35.65
Kyrgyzstan; 2006,82.63,28.33
Kyrgyzstan; 2005,35.15,30.09
Kyrgyzstan; 2004,40.34,17.25
Kyrgyzstan; 2003,28.08,27.6
Kyrgyzstan; 2002,16.24,16.26
Kyrgyzstan; 2001,33.88,2.8
Kyrgyzstan; 2000,13.13,10.92
Lao People's Democratic Republic; 2010,40.34,55.26
Lao People's Democratic Republic; 2009,39.76,37.35
Lao People's Democratic Republic; 2008,28.35,41.83
Lao People's Democratic Republic; 2007,61.2,37.83
Lao People's Democratic Republic; 2006,26.95,32.54
Lao People's Democratic Republic; 2005,62.67,38.49
Lao People's Democratic Republic; 2004,25.24,25.29
Lao People's Democratic Republic; 2003,34.29,22.91
Lao People's Democratic Republic; 2002,17.69,15.36
Lao People's Democratic Republic; 2001,27.68,16.43
Lao People's Democratic Republic; 2000,43.47,18.12
Lebanon; 2010,28.21,28.89
Lebanon; 2009,22.41,24.85
Lebanon; 2008,30.25,23.84
Lebanon; 2007,24.29,28.26
Lebanon; 2006,29.52,27.97
Lebanon; 2005,22.1,19.68
Lebanon; 2004,5.08,4.81
Lebanon; 2003,5.02,4.58
Lebanon; 2002,6.62,3.47
Lebanon; 2001,7.58,3.28
Lebanon; 2000,7.47,2.93
Lesotho; 2010,72.97,70.73
Lesotho; 2009,99.67,40.19
Lesotho; 2008,153.72,41.51
Lesotho; 2007,23.26,28.53
Lesotho; 2006,59.45,16.51
Lesotho; 2005,23.48,14.72
Lesotho; 2004,10.44,15.45
Lesotho; 2003,22.49,12.26
Lesotho; 2002,6.89,8.31
Lesotho; 2001,9.1,5.18
Lesotho; 2000,15.62,1.15
Liberia; 2010,107.25,89.22
Liberia; 2009,119.52,73.52
Liberia; 2008,76.97,56.88
Liberia; 2007,70.56,24.79
Liberia; 2006,14.46,25
Liberia; 2005,10.62,18.38
Liberia; 2004,38.45,17.18
Liberia; 2003,13.04,10.53
Liberia; 2002,5.57,5.37
Liberia; 2001,6.1,4.35
Liberia; 2000,9.22,2.57
Madagascar; 2010,183.82,142.77
Madagascar; 2009,59.28,76.46
Madagascar; 2008,96,92.64
Madagascar; 2007,81.14,85.83
Madagascar; 2006,41.96,72
Madagascar; 2005,117.72,93.67
Madagascar; 2004,61.74,81.56
Madagascar; 2003,49.97,68.53
Madagascar; 2002,28.38,39.96
Madagascar; 2001,60.71,24.8
Madagascar; 2000,17.77,16.79
Malawi; 2010,222.91,231.27
Malawi; 2009,548.42,263.89
Malawi; 2008,194.52,262.91
Malawi; 2007,107.14,228.81
Malawi; 2006,284.23,172.38
Malawi; 2005,287.59,123.55
Malawi; 2004,114.11,131.84
Malawi; 2003,181.23,99.98
Malawi; 2002,100.43,82.59
Malawi; 2001,59,62.37
Malawi; 2000,99.79,44.18
Malaysia; 2010,0.66,0.67
Malaysia; 2009,0.92,0.92
Malaysia; 2008,1.17,1.16
Malaysia; 2007,1.86,1.86
Malaysia; 2006,1.81,1.83
Malaysia; 2005,2.23,2.22
Malaysia; 2004,1.93,1.78
Malaysia; 2003,3.26,3.28
Malaysia; 2002,3.7,1.69
Malaysia; 2001,1.06,2.74
Malaysia; 2000,0.71,4.09
Mali; 2010,161.79,166.6
Mali; 2009,180.77,134.95
Mali; 2008,82.79,123.26
Mali; 2007,106.05,103.92
Mali; 2006,88.62,80.94
Mali; 2005,93.56,81.13
Mali; 2004,86.2,57.72
Mali; 2003,40.43,56.96
Mali; 2002,39.9,29.97
Mali; 2001,66.06,40.86
Mali; 2000,53.43,12.43
Mauritania; 2010,15.94,18.09
Mauritania; 2009,12.56,19.13
Mauritania; 2008,21.53,21.18
Mauritania; 2007,19.16,20.08
Mauritania; 2006,35.66,12.42
Mauritania; 2005,4.32,9.98
Mauritania; 2004,7.82,18.79
Mauritania; 2003,17.35,20.96
Mauritania; 2002,6.7,19.32
Mauritania; 2001,6.72,17.14
Mauritania; 2000,6.45,13.37
Mauritius; 2010,-0.2,2.18
Mauritius; 2009,5.42,1.05
Mauritius; 2008,0.08,0.08
Mauritius; 2007,0.62,1.46
Mauritius; 2006,0.4,0.77
Mauritius; 2005,0.12,0.27
Mauritius; 2004,0.3,0.3
Mauritius; 2003,0.26,0.26
Mauritius; 2002,0.34,0.34
Mauritius; 2001,0.67,0.83
Mauritius; 2000,0.54,1.43
Mexico; 2010,35.13,17.37
Mexico; 2009,8,12.77
Mexico; 2008,8.48,9.87
Mexico; 2007,8.77,17.85
Mexico; 2006,18.88,16.33
Mexico; 2005,13.68,14.15
Mexico; 2004,16.34,15.52
Mexico; 2003,19.19,17.62
Mexico; 2002,24.86,16.68
Mexico; 2001,15.06,6.46
Mexico; 2000,7.2,1.06
Mongolia; 2010,48.63,25.67
Mongolia; 2009,12.94,13.34
Mongolia; 2008,30.28,13.42
Mongolia; 2007,14.42,16.1
Mongolia; 2006,6.04,5.52
Mongolia; 2005,10.67,6.59
Mongolia; 2004,4,4.88
Mongolia; 2003,24.58,6.86
Mongolia; 2002,5.5,4.07
Mongolia; 2001,19.39,17.13
Mongolia; 2000,13.95,4.64
Montenegro; 2010,4.17,2.24
Montenegro; 2009,0.55,1.86
Montenegro; 2008,7.01,6.2
Montenegro; 2007,2.24,8.34
Montenegro; 2006,12.09,6.11
Montenegro; 2005,0,0.42
Montenegro; 2004,12.33,2.47
Morocco; 2010,67.67,73.36
Morocco; 2009,81.45,75.43
Morocco; 2008,103.56,44.85
Morocco; 2007,98.54,42.37
Morocco; 2006,27.47,61.6
Morocco; 2005,24.83,38.11
Morocco; 2004,53.15,27.13
Morocco; 2003,21.41,34.37
Morocco; 2002,31.38,19.92
Morocco; 2001,18.04,14.62
Morocco; 2000,103.65,10.12
Mozambique; 2010,492.42,468.68
Mozambique; 2009,493.81,396.96
Mozambique; 2008,462.28,383.98
Mozambique; 2007,477.34,325.2
Mozambique; 2006,291.48,248.07
Mozambique; 2005,250.05,208.18
Mozambique; 2004,253.78,223.36
Mozambique; 2003,228.71,165.03
Mozambique; 2002,158.42,150.78
Mozambique; 2001,205.18,103.56
Mozambique; 2000,191.07,58.37
Myanmar; 2010,133.34,103.82
Myanmar; 2009,74.56,71.87
Myanmar; 2008,35.88,55.2
Myanmar; 2007,66.08,49.49
Myanmar; 2006,40.14,31.61
Myanmar; 2005,31.93,45.07
Myanmar; 2004,21.33,29.53
Myanmar; 2003,43.44,35.62
Myanmar; 2002,38.4,18.27
Myanmar; 2001,16.8,10.45
Myanmar; 2000,11.91,4.19
Namibia; 2010,155.37,130.86
Namibia; 2009,109.32,136.68
Namibia; 2008,121.49,86.54
Namibia; 2007,192,98.91
Namibia; 2006,71.89,81
Namibia; 2005,51.55,36.61
Namibia; 2004,75.49,31.61
Namibia; 2003,24.64,21.73
Namibia; 2002,17.46,14.82
Namibia; 2001,15.51,10.26
Namibia; 2000,9.12,16.98
Nepal; 2010,222.74,146.7
Nepal; 2009,71.09,98.89
Nepal; 2008,142.66,110.15
Nepal; 2007,60.58,81.42
Nepal; 2006,33.55,81.83
Nepal; 2005,116.07,65.3
Nepal; 2004,139.39,52.47
Nepal; 2003,100.03,68.56
Nepal; 2002,57.4,48.58
Nepal; 2001,75.87,42.45
Nepal; 2000,29.91,20.68
Nicaragua; 2010,68.76,76.06
Nicaragua; 2009,77.88,83.37
Nicaragua; 2008,73.25,76.44
Nicaragua; 2007,50.16,72.49
Nicaragua; 2006,72.26,68.77
Nicaragua; 2005,130.41,54.5
Nicaragua; 2004,58.88,57.61
Nicaragua; 2003,49.71,55.77
Nicaragua; 2002,66.05,46.06
Nicaragua; 2001,49.97,30.37
Nicaragua; 2000,36.07,31.02
Niger; 2010,68.28,96.94
Niger; 2009,55.86,93.91
Niger; 2008,132.28,97.61
Niger; 2007,49.88,66.57
Niger; 2006,120.23,77.48
Niger; 2005,46.93,45.15
Niger; 2004,37.25,42.99
Niger; 2003,48.76,44.01
Niger; 2002,29.33,33.15
Niger; 2001,38.04,27.54
Niger; 2000,16.13,21.23
Nigeria; 2010,616.32,720.24
Nigeria; 2009,1393.07,938.75
Nigeria; 2008,876.34,661.25
Nigeria; 2007,801.28,497.78
Nigeria; 2006,588.06,431.2
Nigeria; 2005,305.14,342.9
Nigeria; 2004,538.64,291.22
Nigeria; 2003,309.79,145.46
Nigeria; 2002,314.18,154.11
Nigeria; 2001,321.28,97.16
Nigeria; 2000,367.12,30.28
Pakistan; 2010,474.65,436.23
Pakistan; 2009,398.04,314.92
Pakistan; 2008,391.8,272.96
Pakistan; 2007,324.78,340.58
Pakistan; 2006,385.41,208.84
Pakistan; 2005,168.97,168.67
Pakistan; 2004,192.37,175.15
Pakistan; 2003,342.83,95.74
Pakistan; 2002,187.93,205.65
Pakistan; 2001,136.1,163.89
Pakistan; 2000,108.92,55.85
Panama; 2010,2.72,2.75
Panama; 2009,2.47,2.77
Panama; 2008,2.23,2.32
Panama; 2007,3.82,3.84
Panama; 2006,2.64,2.71
Panama; 2005,2.83,2.83
Panama; 2004,2.9,2.99
Panama; 2003,2.65,2.12
Panama; 2002,3.86,1.1
Panama; 2001,2.02,1.84
Panama; 2000,3.21,3.22
Papua New Guinea; 2010,89.82,83.8
Papua New Guinea; 2009,104.71,83.98
Papua New Guinea; 2008,28.32,64.36
Papua New Guinea; 2007,43.73,54.11
Papua New Guinea; 2006,64.64,67.52
Papua New Guinea; 2005,57.15,61.82
Papua New Guinea; 2004,38.86,62.35
Papua New Guinea; 2003,10.5,66.96
Papua New Guinea; 2002,79.16,79.86
Papua New Guinea; 2001,32.95,57.33
Papua New Guinea; 2000,161.97,44.12
Paraguay; 2010,20.12,23.83
Paraguay; 2009,29.26,20.54
Paraguay; 2008,19.4,21.64
Paraguay; 2007,18.48,15.36
Paraguay; 2006,21.06,8.88
Paraguay; 2005,7.72,8.01
Paraguay; 2004,8.31,7.67
Paraguay; 2003,6.03,7.18
Paraguay; 2002,3.73,1.15
Paraguay; 2001,5.27,3.1
Paraguay; 2000,6.02,10.5
Peru; 2010,49.44,71.37
Peru; 2009,161.19,105.9
Peru; 2008,55.6,58.81
Peru; 2007,70.38,48.99
Peru; 2006,72.55,59.92
Peru; 2005,44.49,75.14
Peru; 2004,34.63,53.81
Peru; 2003,86.93,44.51
Peru; 2002,54.49,36.9
Peru; 2001,53.92,43.2
Peru; 2000,46.76,22.25
Philippines; 2010,182.15,141.45
Philippines; 2009,117.02,86
Philippines; 2008,82.41,74.85
Philippines; 2007,81.49,96.8
Philippines; 2006,113.82,73.7
Philippines; 2005,121.03,68.16
Philippines; 2004,55.67,73.84
Philippines; 2003,82.61,72.93
Philippines; 2002,68.48,43.84
Philippines; 2001,56,58.93
Philippines; 2000,76.57,42.29
Republic of Moldova; 2010,118.51,52.4
Republic of Moldova; 2009,14.32,42.32
Republic of Moldova; 2008,86.07,18.97
Republic of Moldova; 2007,29.28,18.62
Republic of Moldova; 2006,13.11,12.57
Republic of Moldova; 2005,19.1,17.57
Republic of Moldova; 2004,3.3,14.89
Republic of Moldova; 2003,15.89,7.13
Republic of Moldova; 2002,4.29,6.93
Republic of Moldova; 2001,10.05,6.42
Republic of Moldova; 2000,42.06,2.35
Rwanda; 2010,476.18,306.63
Rwanda; 2009,231.61,258.34
Rwanda; 2008,311.46,241.23
Rwanda; 2007,203.15,170.63
Rwanda; 2006,197.47,155.63
Rwanda; 2005,113.98,112.9
Rwanda; 2004,114.82,99.44
Rwanda; 2003,102.75,45.57
Rwanda; 2002,62.13,48.82
Rwanda; 2001,26.62,15.66
Rwanda; 2000,47.45,15.19
Senegal; 2010,141.52,111.63
Senegal; 2009,120.11,122.72
Senegal; 2008,104.6,99.11
Senegal; 2007,87.01,80.11
Senegal; 2006,143.01,138.14
Senegal; 2005,76.56,121.54
Senegal; 2004,68.19,124.85
Senegal; 2003,89.03,106.24
Senegal; 2002,132.79,57.04
Senegal; 2001,83.38,73.53
Senegal; 2000,33.62,29.78
Serbia; 2010,21.07,13.57
Serbia; 2009,29.77,26.9
Serbia; 2008,26.72,20.29
Serbia; 2007,29.09,19.55
Serbia; 2006,10.44,30.78
Serbia; 2005,22.73,20.57
Serbia; 2004,46.28,23.25
Serbia; 2003,105.16,28.29
Serbia; 2002,47.03,32.77
Serbia; 2001,24.33,11.89
Serbia; 2000,46.49,7.32
Sierra Leone; 2010,95.63,92.62
Sierra Leone; 2009,50.56,66.24
Sierra Leone; 2008,53.4,54.16
Sierra Leone; 2007,37.09,44.9
Sierra Leone; 2006,15.43,37.71
Sierra Leone; 2005,63.59,40.94
Sierra Leone; 2004,19.34,29.14
Sierra Leone; 2003,48.81,22.5
Sierra Leone; 2002,36.01,9.99
Sierra Leone; 2001,7.27,16.01
Sierra Leone; 2000,50.84,11.55
Solomon Islands; 2010,7.61,21.45
Solomon Islands; 2009,29.74,18.58
Solomon Islands; 2008,12.2,15.76
Solomon Islands; 2007,6.6,11.87
Solomon Islands; 2006,17.54,11.22
Solomon Islands; 2005,1.43,11.71
Solomon Islands; 2004,8.17,14.78
Solomon Islands; 2003,11.17,13.73
Solomon Islands; 2002,12.93,10.87
Solomon Islands; 2001,11.68,9.84
Solomon Islands; 2000,18.43,2.4
Somalia; 2010,41.77,46.16
Somalia; 2009,27.96,34.02
Somalia; 2008,22.97,27.3
Somalia; 2007,51.45,30.59
Somalia; 2006,31.38,26.34
Somalia; 2005,19.98,22.46
Somalia; 2004,25.55,17.51
Somalia; 2003,7.54,8.37
Somalia; 2002,10.45,9.24
Somalia; 2001,9.05,5.66
Somalia; 2000,8.61,3.21
South Africa; 2010,815.29,584.13
South Africa; 2009,608.36,612.68
South Africa; 2008,655.23,474.3
South Africa; 2007,523.52,328.73
South Africa; 2006,343.28,210
South Africa; 2005,218.03,184.1
South Africa; 2004,207.77,126.31
South Africa; 2003,214.95,104.66
South Africa; 2002,88.1,52.02
South Africa; 2001,110.7,24.95
South Africa; 2000,61.11,10.36
Sri Lanka; 2010,43.17,60.02
Sri Lanka; 2009,84.82,44.59
Sri Lanka; 2008,34.13,36.46
Sri Lanka; 2007,17.36,32.51
Sri Lanka; 2006,19.48,48.49
Sri Lanka; 2005,12.4,18.89
Sri Lanka; 2004,81.89,13.54
Sri Lanka; 2003,35.5,14.41
Sri Lanka; 2002,13.73,19.78
Sri Lanka; 2001,24.08,15.77
Sri Lanka; 2000,30.55,11.29
Sudan; 2010,209.99,219.71
Sudan; 2009,142.73,118.84
Sudan; 2008,125.76,139.94
Sudan; 2007,136.52,98.49
Sudan; 2006,109.5,94.12
Sudan; 2005,133.43,110.48
Sudan; 2004,73.17,47.65
Sudan; 2003,13.81,21.93
Sudan; 2002,26.07,25.2
Sudan; 2001,23.91,17.48
Sudan; 2000,18.48,4.33
Suriname; 2010,3.19,12.34
Suriname; 2009,33.71,17.01
Suriname; 2008,10.37,6.98
Suriname; 2007,4.38,6.29
Suriname; 2006,5.33,3.81
Suriname; 2005,2.83,10.66
Suriname; 2004,20.45,9.3
Suriname; 2003,21.77,11.07
Suriname; 2002,1.78,9.83
Suriname; 2001,15.01,9.04
Suriname; 2000,7.42,0.6
Swaziland; 2010,70.81,62.1
Swaziland; 2009,36.41,36.62
Swaziland; 2008,72.49,23.44
Swaziland; 2007,10.53,22.41
Swaziland; 2006,30.53,16.35
Swaziland; 2005,24.43,26.9
Swaziland; 2004,4.02,6.62
Swaziland; 2003,41.07,11.31
Swaziland; 2002,5.93,3.31
Swaziland; 2001,7.15,1.61
Swaziland; 2000,0.68,2.04
Syrian Arab Republic; 2010,19.27,29.17
Syrian Arab Republic; 2009,46.29,37.7
Syrian Arab Republic; 2008,15,26.53
Syrian Arab Republic; 2007,30.12,17.06
Syrian Arab Republic; 2006,24.25,14.12
Syrian Arab Republic; 2005,10.64,24.63
Syrian Arab Republic; 2004,4.36,8.23
Syrian Arab Republic; 2003,11.05,5.73
Syrian Arab Republic; 2002,54.25,9.11
Syrian Arab Republic; 2001,6.25,3.25
Syrian Arab Republic; 2000,0.88,0.78
Tajikistan; 2010,39.86,54.41
Tajikistan; 2009,28.69,29.12
Tajikistan; 2008,36.88,38.34
Tajikistan; 2007,22.3,26.05
Tajikistan; 2006,44.82,22.22
Tajikistan; 2005,36.51,16.04
Tajikistan; 2004,26.45,18.24
Tajikistan; 2003,13.58,11.81
Tajikistan; 2002,12.69,8.3
Tajikistan; 2001,3.35,2.94
Tajikistan; 2000,10.68,3.07
Thailand; 2010,26.69,62.02
Thailand; 2009,69.78,49.47
Thailand; 2008,82.86,64.31
Thailand; 2007,38.11,63.99
Thailand; 2006,159.95,91.67
Thailand; 2005,29.99,42.3
Thailand; 2004,27.31,54.04
Thailand; 2003,104.95,32.17
Thailand; 2002,25.73,14.3
Thailand; 2001,5.48,15.09
Thailand; 2000,6.73,22.39
The former Yugoslav republic of Macedonia; 2010,3.84,4.61
The former Yugoslav republic of Macedonia; 2009,2.18,3
The former Yugoslav republic of Macedonia; 2008,8.17,5.45
The former Yugoslav republic of Macedonia; 2007,2.19,12.58
The former Yugoslav republic of Macedonia; 2006,18.98,7.46
The former Yugoslav republic of Macedonia; 2005,3.19,3.46
The former Yugoslav republic of Macedonia; 2004,7.91,4.11
The former Yugoslav republic of Macedonia; 2003,4.46,5.47
The former Yugoslav republic of Macedonia; 2002,6.55,5.86
The former Yugoslav republic of Macedonia; 2001,10.43,18.78
The former Yugoslav republic of Macedonia; 2000,1.18,10.52
Timor-Leste; 2010,38.64,27.07
Timor-Leste; 2009,22.47,22.75
Timor-Leste; 2008,10.28,26.15
Timor-Leste; 2007,19.94,19.12
Timor-Leste; 2006,21.47,23.4
Timor-Leste; 2005,8.92,12.56
Timor-Leste; 2004,27.01,8.91
Timor-Leste; 2003,6.5,6.31
Timor-Leste; 2002,31.49,1.91
Timor-Leste; 2001,14.58,3.35
Timor-Leste; 2000,2.68,1.3
Togo; 2010,56.77,36.83
Togo; 2009,57.12,37.07
Togo; 2008,22.49,31.97
Togo; 2007,41.43,26.44
Togo; 2006,6.65,16.19
Togo; 2005,28.47,19.36
Togo; 2004,11.22,16.59
Togo; 2003,25.45,11.45
Togo; 2002,13.4,6.12
Togo; 2001,6.64,7.95
Togo; 2000,18.88,3.68
Trinidad and Tobago; 2010,0.19,0.46
Trinidad and Tobago; 2009,1.41,1.19
Trinidad and Tobago; 2008,0.29,3.32
Trinidad and Tobago; 2007,2.07,3.32
Trinidad and Tobago; 2006,1.12,1.48
Trinidad and Tobago; 2005,0.24,0.34
Trinidad and Tobago; 2004,11.99,0.68
Trinidad and Tobago; 2003,1.05,0.93
Trinidad and Tobago; 2002,0.61,0.61
Trinidad and Tobago; 2001,0.88,0.88
Trinidad and Tobago; 2000,0.02,0.02
Tunisia; 2010,12.61,10.21
Tunisia; 2009,2.2,5.59
Tunisia; 2008,1.92,32.5
Tunisia; 2007,13.33,7.86
Tunisia; 2006,3.47,32.39
Tunisia; 2005,4.8,5.08
Tunisia; 2004,5.66,5.96
Tunisia; 2003,9.66,6.12
Tunisia; 2002,4.67,4.79
Tunisia; 2001,11.34,4.57
Tunisia; 2000,2.44,1.38
Turkey; 2010,7.85,4.39
Turkey; 2009,16.72,2.54
Turkey; 2008,12.7,6.88
Turkey; 2007,4.62,30.06
Turkey; 2006,15.39,37.35
Turkey; 2005,13.87,10.71
Turkey; 2004,3.36,2.75
Turkey; 2003,2.61,2.31
Turkey; 2002,1.96,2.04
Turkey; 2001,1.19,1.28
Turkey; 2000,92.26,0.83
Turkmenistan; 2010,10.87,6.56
Turkmenistan; 2009,1.18,4.01
Turkmenistan; 2008,4.04,3.25
Turkmenistan; 2007,3.33,3.59
Turkmenistan; 2006,3.3,2.8
Turkmenistan; 2005,2.67,2.5
Turkmenistan; 2004,3.19,2.71
Turkmenistan; 2003,2.83,3.53
Turkmenistan; 2002,3.34,3.36
Turkmenistan; 2001,3.03,1.94
Turkmenistan; 2000,2.81,0.73
Uganda; 2010,498.67,454.25
Uganda; 2009,426.26,429.95
Uganda; 2008,580.28,341.08
Uganda; 2007,353.1,365
Uganda; 2006,257.68,308.55
Uganda; 2005,367.02,304.46
Uganda; 2004,304.36,277.01
Uganda; 2003,281.49,209.12
Uganda; 2002,165.46,96.16
Uganda; 2001,227.07,122.31
Uganda; 2000,193.38,72.23
Ukraine; 2010,20.52,53
Ukraine; 2009,117.14,57.97
Ukraine; 2008,27.57,65.24
Ukraine; 2007,53.46,53.39
Ukraine; 2006,27,58.8
Ukraine; 2005,118.19,40.42
United Republic of Tanzania; 2010,687.33,735.39
United Republic of Tanzania; 2009,909.69,556.76
United Republic of Tanzania; 2008,788.49,570.83
United Republic of Tanzania; 2007,510.13,413.02
United Republic of Tanzania; 2006,357.76,358.4
United Republic of Tanzania; 2005,416.85,293.21
United Republic of Tanzania; 2004,327.55,226.29
United Republic of Tanzania; 2003,263.85,141.53
United Republic of Tanzania; 2002,145.19,136.19
United Republic of Tanzania; 2001,213,88.52
United Republic of Tanzania; 2000,126.49,34.43
Uruguay; 2010,4.56,7.48
Uruguay; 2009,1.76,2.15
Uruguay; 2008,1.53,1.53
Uruguay; 2007,3.26,3.89
Uruguay; 2006,1.67,1.49
Uruguay; 2005,24.94,1.66
Uruguay; 2004,1.44,1.22
Uruguay; 2003,0.96,0.96
Uruguay; 2002,1.2,1.2
Uruguay; 2001,0.76,0.73
Uruguay; 2000,0.16,0.16
Uzbekistan; 2010,66.26,41.98
Uzbekistan; 2009,38.08,40.07
Uzbekistan; 2008,15.29,34.8
Uzbekistan; 2007,30.62,30.67
Uzbekistan; 2006,37.79,26.38
Uzbekistan; 2005,24.2,22.88
Uzbekistan; 2004,65.5,28.85
Uzbekistan; 2003,17.16,21.36
Uzbekistan; 2002,33.84,28.83
Uzbekistan; 2001,34.65,11.06
Uzbekistan; 2000,18.35,1.45
Venezuela (Bolivarian Republic of); 2010,4.24,4.87
Venezuela (Bolivarian Republic of); 2009,4.06,4.52
Venezuela (Bolivarian Republic of); 2008,2.52,3.02
Venezuela (Bolivarian Republic of); 2007,3.57,3.75
Venezuela (Bolivarian Republic of); 2006,2.08,2.33
Venezuela (Bolivarian Republic of); 2005,2.31,3.3
Venezuela (Bolivarian Republic of); 2004,1.7,1.67
Venezuela (Bolivarian Republic of); 2003,2.08,2.08
Venezuela (Bolivarian Republic of); 2002,1.47,1.47
Venezuela (Bolivarian Republic of); 2001,2.11,2.1
Venezuela (Bolivarian Republic of); 2000,1.6,1.27
Viet Nam; 2010,402.13,279.97
Viet Nam; 2009,232.26,225.03
Viet Nam; 2008,343.83,197.6
Viet Nam; 2007,246.83,166.84
Viet Nam; 2006,249.64,169.99
Viet Nam; 2005,181.93,139.83
Viet Nam; 2004,176.35,103.37
Viet Nam; 2003,140.65,114.39
Viet Nam; 2002,176.99,89.83
Viet Nam; 2001,179.97,82.16
Viet Nam; 2000,51.89,64.65
Yemen; 2010,47.85,63.16
Yemen; 2009,118.19,46.93
Yemen; 2008,75.68,53.05
Yemen; 2007,57.8,46.79
Yemen; 2006,42.32,41.23
Yemen; 2005,54.94,45.23
Yemen; 2004,28.74,24.55
Yemen; 2003,29.79,24.72
Yemen; 2002,50.27,20.89
Yemen; 2001,19.76,33.5
Yemen; 2000,48.52,17.93
Zambia; 2010,317.25,282.49
Zambia; 2009,332.38,329.18
Zambia; 2008,593.99,376.82
Zambia; 2007,301.91,290.09
Zambia; 2006,374.17,224.85
Zambia; 2005,294.67,255.89
Zambia; 2004,116.74,203.7
Zambia; 2003,239.13,164.4
Zambia; 2002,229.37,95.19
Zambia; 2001,163.73,63.28
Zambia; 2000,108.22,26.68
Zimbabwe; 2010,124.85,229.19
Zimbabwe; 2009,158.05,154.65
Zimbabwe; 2008,69.11,111.99
Zimbabwe; 2007,84.72,154.53
Zimbabwe; 2006,169.79,108.31
Zimbabwe; 2005,93.61,108.05
Zimbabwe; 2004,68.11,63
Zimbabwe; 2003,52.56,56.52
Zimbabwe; 2002,51.17,40.48
Zimbabwe; 2001,77.15,27.76
Zimbabwe; 2000,103.39,12.29
